{
  "project_info": {
    "project_number": "796106602061",
    "project_id": "proyecto-gisela",
    "storage_bucket": "proyecto-gisela.firebasestorage.app"
  },
  "client": [
    {
      "client_info": {
        "mobilesdk_app_id": "1:796106602061:android:8fc327b1ec9414d450ce04",
        "android_client_info": {
          "package_name": "com.giselarm.ut2_gisela_pgl"
        }
      },
      "oauth_client": [],
      "api_key": [
        {
          "current_key": "AIzaSyCzhS0som5Wrihk8dBAEtuA4WFzZOTHkGw"
        }
      ],
      "services": {
        "appinvite_service": {
          "other_platform_oauth_client": []
        }
      }
    }
  ],
  "configuration_version": "1"
}